train_loss,epoch,step
-2.5441231727600098,0,49
-3.256357431411743,1,99
-3.3661491870880127,2,149
-3.4209787845611572,3,199
-3.383585214614868,4,249
-3.4951705932617188,5,299
-3.5758838653564453,6,349
-3.3388261795043945,7,399
-3.293888807296753,8,449
