train_loss,epoch,step
-2.7371740341186523,0,49
-3.200148820877075,1,99
