train_loss,epoch,step
-3.1546640396118164,0,49
-3.323580026626587,1,99
