train_loss,epoch,step
-2.9975333213806152,0,49
-3.328798294067383,1,99
-3.4297144412994385,2,149
-3.2972190380096436,3,199
