train_loss,epoch,step
-2.730780601501465,0,49
-3.147406816482544,1,99
-3.202177047729492,2,149
-3.2536699771881104,3,199
