train_loss,epoch,step
-2.720767021179199,0,49
-3.1871917247772217,1,99
